{"cameraMode":{"drawMode":0,"name":"Shaded","section":"Shading Mode"},"sceneLighting":true,"audioPlay":false,"sceneViewState":{"showFog":true,"showMaterialUpdate":false,"showSkybox":true,"showFlares":true,"showImageEffects":true,"showParticleSystems":true},"in2DMode":false,"pivot":{"x":0.0,"y":-0.010000000707805157,"z":0.33000001311302187},"rotation":{"x":0.15682701766490937,"y":0.01688970811665058,"z":-0.002682099351659417,"w":0.9874799847602844},"size":0.20005187392234803,"orthographic":false}