{"cameraMode":{"drawMode":0,"name":"Shaded","section":"Shading Mode"},"sceneLighting":true,"audioPlay":false,"sceneViewState":{"showFog":true,"showMaterialUpdate":false,"showSkybox":true,"showFlares":true,"showImageEffects":true,"showParticleSystems":true},"in2DMode":false,"pivot":{"x":0.23999999463558198,"y":0.09000000357627869,"z":0.5},"rotation":{"x":0.15682701766490937,"y":0.01688970811665058,"z":-0.002682099351659417,"w":0.9874799847602844},"size":0.5715768337249756,"orthographic":false}